﻿{"cameraMode":{"drawMode":0,"name":"Shaded","section":"Shading Mode"},"sceneLighting":true,"audioPlay":false,"sceneViewState":{"showFog":true,"showMaterialUpdate":false,"showSkybox":true,"showFlares":true,"showImageEffects":true,"showParticleSystems":true},"in2DMode":false,"pivot":{"x":-1.2152290344238282,"y":-1.6052196025848389,"z":4.925510883331299},"rotation":{"x":-0.13935637474060059,"y":0.20110493898391725,"z":-0.028916368260979654,"w":-0.9691773653030396},"size":12.006041526794434,"orthographic":false}